[
  {
    "id": 1,
    "title": "Apollo Hospital",
    "type": "On Site",
    "address": "Sarjapur Road, Bengaluru, Karnataka ",
    "date": "04/06/2020 at 04.39 PM",
    "btntype": "Initiate Payment",
    "rating": "4.5",
    "about": "Quality Services , Very Professional and arrived on Time , Happy with the assistance.",
    "person": "Asif Mohammed( Receptionist )"
  },
  {
    "id": 2,
    "title": "Neso Hospital",
    "type": "Remote",
    "address": "Sarjapur Road, Bengaluru, Karnataka ",
    "date": "04/06/2020 at 04.39 PM",
    "rating": "4.5",
    "about": "Quality Services , Very Professional and arrived on Time , Happy with the assistance.",
    "person": "Asif Mohammed( Receptionist )"
  },
  {
    "id": 3,
    "title": "Sum Hospital",
    "type": "Remote",
    "address": "Sarjapur Road, Bengaluru, Karnataka ",
    "date": "04/06/2020 at 04.39 PM",
    "rating": "4.5",
    "about": "Quality Services , Very Professional and arrived on Time , Happy with the assistance.",
    "person": "Asif Mohammed( Receptionist )"
  },
  {
    "id": 4,
    "title": "Neso Hospital",
    "type": "On Site",
    "address": "Sarjapur Road, Bengaluru, Karnataka ",
    "date": "04/06/2020 at 04.39 PM",
    "rating": "4.5",
    "about": "Quality Services , Very Professional and arrived on Time , Happy with the assistance.",
    "person": "Asif Mohammed( Receptionist )"
  }
]
